dpdp_id_1,dpdp_id_2,University,AcademicUnit,NameRaw,AcademicRank,HD,HDSchool,HDYear,NoPPubGrad,FirstPPubYearRel,TotalPPub,TotalYearPhD,TotalPPubYearEnd,YearAvgPPubStartGrad,YearAvgPPubEndPhD,TotalWorkingPaper,TotalWorkInProgress,TotalOtherPub,TotalBook,Notes
1,1,McGill,Economics,Nicolas Ajzenman,Assistant Professor,PhD,Sciences Po,2018,1,-3,7,,2022,,,,,,,
2,2,McGill,Economics,Francisco Alvarez-Cuadrado,Associate Professor,PhD,University of Washington,2004,1,0,10,2,2011,,,,,,,
3,3,McGill,Economics,Francesco Amodio,Associate Professor,PhD,Universitat Pompeu Fabra,2015,0,3,10,2,2024,,,,,,,
4,4,McGill,Economics,Daniel Barczyk,Associate Professor,PhD,New York University,2011,0,3,6,,2020,,,,,,,
5,5,McGill,Economics,Leonie Baumann,Assistant Professor,PhD, University of Hamburg,2017,5,-8,7,5,2019,,,,,,,
6,6,McGill,Economics,Hassan Benchekroun,Professor,PhD,Université Laval,1998,1,0,48,2,2021,,,,,,,
7,7,McGill,Economics,Robert D. Cairns,Professor,PhD,Massachusetts Institute of Technology,1978,0,23,49,,,,,,,,,
8,8,McGill,Economics,Santiago Camara,Assistant Professor,PhD,Northwestern University,2023,2,-3,2,,2023,,,,,,,
9,9,McGill,Economics,Rui Castro,Professor,PhD,University of Rochester,2000,0,3,13,,2017,,,,,,,
10,10,McGill,Economics,Saraswata Chaudhuri,Associate Professor,PhD,University of Washington,2008,0,1,10,5,,,,,,,,
11,11,McGill,Economics,Matthieu Chemin,Associate Professor,PhD,London School of Economics,2007,0,1,21,6,,,,,,,,
12,12,McGill,Economics,Russell Davidson,Professor & Canada Research Chair Tier 1,PhD,University of Glasgow,1966,0,2,97,,2016,,,,,,,
13,13,McGill,Economics,Paul Dickinson,Faculty Lecturer,,,,,,,,,,,,,,,
14,14,McGill,Economics,Jean-Marie Dufour,Professor & William Dow Chair of Political Economy,PhD,University of Chicago,1979,,,,,2021,,,,,,,
15,15,McGill,Economics,Rohan Dutta,Associate Professor,PhD,Washington University,2012,1,0,11,5,,,,,,,,
16,16,McGill,Economics,Mayssun El-Attar,Faculty Lecturer,PhD,European University Institute ,,,,,,,,,,,,,
17,17,McGill,Economics,Jim Engle-Warnick,Associate Professor,PhD,University of Pittsburgh,,,,,,,,,,,,,
18,18,McGill,Economics,Larry Epstein,Professor,PhD,University of British Columbia,1977,2,-3,79,,2021,,,,,,,
19,19,McGill,Economics,John W Galbraith,Professor,PhD, University of Oxford,1987,1,0,50,2,2022,,,,,,,
20,20,McGill,Economics,Nicolas Gendron-Carrier,Assistant Professor,PhD,University of Toronto,,,,,,,,,,,,,
21,21,McGill,Economics,Silvia Goncalves,Professor,PhD,University of California,2000,0,2,34,,2024,,,,,,,
22,22,McGill,Economics,Franque Grimard,Associate Professor,PhD,Princeton University,1995,0,1,21,,,,,,,,,
23,23,McGill,Economics,Fabian Lange,Professor & Canada Research Chair Tier 2,PhD,University of Chicago,2004,1,-1,17,,2019,,,,,,,
24,24,McGill,Economics,Sonia Laszlo,Associate Professor,PhD,University of Toronto,,,,19,,,,,,,,,
25,25,McGill,Economics,Markus Poschke,Professor & William Dawson Scholar,PhD,European University Institute (EUI) Florence,2007,0,2,11,4,2016,,,,,,,
26,26,McGill,Economics,Francisco Ruge-Murcia,Professor & Chair,PhD,University of Virginia,1993,0,2,42,2,,,,,,,,
27,27,McGill,Economics,Fernando Saltiel,Assistant Professor,PhD,University of Maryland,2019,2,-4,8,,,,,,,,,
28,28,McGill,Economics,Erin Strumpf,Professor & William Dawson Scholar,PhD,Harvard University,2007,,,,5,,,,,,,,
29,29,McGill,Economics,Licun Xue,Associate Professor,PhD,McGill University,1996,0,1,23,,,,,,,,,
30,30,McGill,Economics,Ling Ling Zhang,Faculty Lecturer,PhD,McGill University,2008,1,0,7,6,,,,,,,,
31,31,McGill,Economics,Victoria Zinde-Walsh,Emeritus Full Professor (Post-Retirement),PhD,Moscow State University,1982,8,-12,43,,,,,,,,,
33,33,Simon Fraser University,Economics,Victor Aguiar,Associate Professor,PhD,Brown University,2017,1,0,10,5,2022,,,,,,,
34,34,Simon Fraser University,Economics,Douglas Allen,Professor,PhD,University of Washington,1988,1,-3,68,4,2024,,,2,2,16,7,"The Institutional Revolution: Measurement & The Economic Emergence of the Modern World (Chicago: The University of Chicago Press, 2012)"
35,35,Simon Fraser University,Economics,Bertille Antoine,"Professor, Graduate Chair",PhD,Université de Montréal,2007,1,0,16,2,2023,,,6,,,,lots of conference?
36,36,Simon Fraser University,Economics,Fernando Aragon Sanchez,"Professor, Undergraduate Chair",PhD,London School of Economics,2010,0,3,18,4,2023,,,6,4,4,,
37,37,Simon Fraser University,Economics,Chris Bidner,Associate Professor,PhD,University of British Columbia,2009,0,1,8,6,2022,,,5,8,,,
38,38,Simon Fraser University,Economics,Serena Canaan,Assistant Professor,PhD,"University of California, Santa Barbara",2016,0,2,8,4,2023,,,3,2,,,
39,39,Simon Fraser University,Economics,David Cox,University Lecturer,PhD,Queen's University,,,,,,,,,,,,,
40,40,Simon Fraser University,Economics,Eliav Danziger,Assistant Professor,PhD,Princeton University,2014,0,1,2,5,2024,,,4,,,,
41,41,Simon Fraser University,Economics,Minjie Deng,Assistant Professor,PhD,University of Rochester,2020,1,0,3,5,2024,,,5,4,,,lots of conferences?
42,42,Simon Fraser University,Economics,Sepideh Fotovatian,Lecturer,PhD,Monash University,,,,,,,,,,,,,
43,43,Simon Fraser University,Economics,David Freeman,Associate Professor,PhD,University of British Columbia,2013,0,2,13,5,2024,,,1,,,,top paper = lots of presentation
44,44,Simon Fraser University,Economics,Jane Friesen,Professor,PhD,University of Toronto,1991,1,0,20,7,2013,,,3,4,8,,
45,45,Simon Fraser University,Economics,Michael Gilraine,Assistant Professor,PhD,University of Toronto,2017,0,3,6,6,2023,,,9,3,,,working papers has year and date
46,46,Simon Fraser University,Economics,Lucas Herrenbrueck,Associate Professor,PhD,"University of California, Davis",2014,0,2,10,5,2022,,,,5,,,presentation organized per paper
47,47,Simon Fraser University,Economics,Alexander Karaivanov,Professor,PhD,University of Chicago,2003,0,3,24,4,2024,,,10,,6,,
48,48,Simon Fraser University,Economics,Kenneth Kasa,Professor,PhD,Berkeley,1981,,,,4,,,,,,,,
49,49,Simon Fraser University,Economics,Anke Kessler,"Professor, Department Chair",PhD,University of Bonn,1996,0,3,20,5,2017,,,,6,,,
50,50,Simon Fraser University,Economics,Dongwoo Kim,Assistant Professor,PhD,University College London,2019,1,-1,6,4,2022,,,2,,,,
51,51,Simon Fraser University,Economics,John Knowles,Professor,PhD,University of Rochester,1999,0,1,11,16,2022,,,5,,,,
52,52,Simon Fraser University,Economics,Brian Krauth,Associate Professor,PhD,University of Wisconsin,1999,0,4,20,4,2024,,,3,,,,
53,53,Simon Fraser University,Economics,Shih En Lu,Associate Professor,PhD,Harvard University,2011,0,4,6,3,2020,,,2,1,,,
54,54,Simon Fraser University,Economics,Christoph Luelfesmann,Professor,PhD,University of Bonn,1996,1,0,18,5,2018,,,,,,,
55,55,Simon Fraser University,Economics,Steeve Mongrain,Professor,PhD,Queen's University,1998,0,1,25,4,2024,,,,6,,,
56,56,Simon Fraser University,Economics,Pierre Mouganie,Assistant Professor,PhD,"Texas A&M University, College Station (TAMU)",2015,0,3,8,4,2024,,,4,,,,
57,57,Simon Fraser University,Economics,Gordon Myers,Professor,PhD,McMaster University,1990,2,0,26,5,2022,,,,2,2,,
58,58,Simon Fraser University,Economics,Krishna Pendakur,"Professor, Associate Chair",PhD,"University of California, Berkeley",1994,0,1,50,4,2023,,,5,,,,conference cities are interesting
59,59,Simon Fraser University,Economics,Luba Petersen,Associate Professor,PhD,"University of California, Santa Cruz",2012,0,2,13,5,2024,,,6,6,,,
60,60,Simon Fraser University,Economics,Marie Rekkas,Associate Professor,PhD,University of Toronto,2002,0,3,19,5,2018,,,,,,,
61,61,Simon Fraser University,Economics,Arthur Robson,Professor,PhD,Massachusetts Institute of Technology,1974,0,2,78,4,2024,,,1,,,1,
62,62,Simon Fraser University,Economics,Martin Santamaria,Senior Lecturer,PhD,University of Chicago,,,,,,,,,,,,,
63,63,Simon Fraser University,Economics,Nicolas Schmitt,Professor,PhD,University of Toronto,,,,,,,,,,,,,
64,64,Simon Fraser University,Economics,Kevin Schnepel,Associate Professor,PhD,"University of California, Santa Barbara",2013,1,-4,11,5,2024,,,4,5,,,first4 pub 4 years before phd then 6 years gap 
65,65,Simon Fraser University,Economics,Xiaoting Sun,Assistant Professor,PhD,"University of California, Los Angeles",2019,3,-5,4,4,2024,,,2,,,,same here
66,66,Simon Fraser University,Economics,Simon Woodcock,Associate Professor,PhD,Cornell University,2003,0,5,10,1,,,,4,5,3,,presentation organied per paper
67,67,University of British Columbia,Economics,Amartya Lahiri,Professor,PhD,Maryland at College Park,1995,0,1,36,5,2023,1.090909091,1.285714286,9,,4,,
68,68,University of British Columbia,Economics,Brian R Copeland,Professor,PhD,Stanford,1987,0,2,31,7,2022,0.738095238,0.885714286,0,,5,2,
69,69,University of British Columbia,Economics,Claudio Ferraz,Professor,PhD,Berkeley,2006,0,2,6,9,2023,0.230769231,0.352941176,7,9,,,
70,70,University of British Columbia,Economics,David Green,Professor,PhD,Stanford,1990,1,0,54,6,2023,1.384615385,1.636363636,4,,,4,
71,71,University of British Columbia,Economics,Erik Snowberg,Canada Excellence Research Chair,,,,,,,,,,#DIV/0!,,,,,
72,72,University of British Columbia,Economics,Felipe Valencia Caicedo,Assistant Professor,PhD,Universitat Pompeu Fabra,2015,0,7,4,4,2022,0.363636364,0.571428571,10,,,,
73,73,University of British Columbia,Economics,Florian Hoffmann,Associate Professor,PhD,Toronto,2010,2,-1,8,,2021,,0.727272727,2,8,,,
74,74,University of British Columbia,Economics,Giovanni Gallipoli,Professor,PhD,University College London,2007,0,5,17,,2024,,1,12,,,,
75,75,University of British Columbia,Economics,Gorkem Bostanci,Assistant Professor,PhD,Penn,2021,1,-1,2,6,2023,0.25,1,1,3,,,
76,76,University of British Columbia,Economics,Heather Sarsons,Associate Professor,PhD,Harvard,2018,1,-3,4,4,2022,0.5,1,3,,3,,
77,77,University of British Columbia,Economics,Henry Siu,Professor,PhD,Northwestern,2002,0,2,15,,2020,,0.833333333,,,6,,
78,78,University of British Columbia,Economics,Hiro Kasahara,Professor,PhD,Wisconsin,2002,0,6,22,,2024,,1,,7,,,
79,79,University of British Columbia,Economics,Jamie McCasland,Assistant Professor,PhD,Berkeley,2015,0,6,5,6,2023,0.357142857,0.625,4,5,,,
80,80,University of British Columbia,Economics,Jesse Perla,Associate Professor,PhD,New York University,2013,0,1,5,,2021,,0.625,5,4,,2,online textbooks
81,81,University of British Columbia,Economics,Katherine Wagner,Assistant Professor,PhD,Yale,2020,1,-4,5,5,2023,0.625,1.666666667,2,,,,
82,82,University of British Columbia,Economics,Kevin Milligan,"Professor | Director, Vancouver School of Economics",PhD,Toronto,2001,0,1,38,5,2021,1.52,1.9,11,,42,,
83,83,University of British Columbia,Economics,Kevin Song,Professor,PhD,Yale,2005,0,1,25,3,2022,1.25,1.470588235,6,,,,
84,84,University of British Columbia,Economics,Li Hao,Professor,PhD,Chicago,1995,0,3,20,7,2012,0.833333333,1.176470588,7,9,1,,
85,85,University of British Columbia,Economics,Marit Rehavi,Associate Professor,PhD,Berkeley,2008,1,-4,9,5,2021,0.5,0.692307692,,4,,,interesting paper
86,86,University of British Columbia,Economics,Matt Lowe,Assistant Professor,PhD,Massachusetts Institute of Technology,2018,1,0,3,6,2024,0.25,0.5,8,3,,,
87,87,University of British Columbia,Economics,Mauricio Drelichman,Professor | Director of Undergraduate Studies (Faculty and Academic),PhD,Northwestern,2003,0,2,12,5,2021,0.52173913,0.666666667,,4,1,1,
88,88,University of British Columbia,Economics,Michael Devereux,Professor (on leave),PhD,Queens University,1985,0,2,135,5,2024,3.068181818,3.461538462,2,3,,,
89,89,University of British Columbia,Economics,Michael Peters,Professor,PhD,Queens University,1980,0,1,38,3,2013,1.055555556,1.151515152,3,,2,,
90,90,University of British Columbia,Economics,Michal Szkup,Associate Professor,PhD,New York University,2014,0,1,7,6,2022,0.5,0.875,4,4,,,
91,91,University of British Columbia,Economics,Munir Squires,Assistant Professor,PhD,London School of Economics,2017,0,4,7,7,2024,0.5,1,,,,,
92,92,University of British Columbia,Economics,Nathan Nunn,Professor,PhD,Toronto,2005,0,2,37,5,2024,1.541666667,1.947368421,8,,,1,
93,93,University of British Columbia,Economics,Nicole Fortin,Professor,PhD,University of British Columbia,1988,0,2,31,7,2023,0.738095238,0.885714286,11,,,,
94,94,University of British Columbia,Economics,Patrick Baylis,Assistant Professor,PhD,Berkeley,2016,0,1,10,,2022,,1.666666667,3,,,,
95,95,University of British Columbia,Economics,Patrick Francois,Professor (on leave),PhD,University of British Columbia,1995,5,-5,38,,2022,,1.407407407,5,,,1,
96,96,University of British Columbia,Economics,Paul Beaudry,Professor,PhD,Princeton,1989,0,2,66,5,2022,,2,8,,,,
97,97,University of British Columbia,Economics,Paul Schrimpf,Associate Professor,PhD,Massachusetts Institute of Technology,2011,1,-1,8,6,2021,,0.8,3,,,,
98,98,University of British Columbia,Economics,Philip Solimine,Postdoctoral Fellow,,,,,,,,,,,,,,,
99,99,University of British Columbia,Economics,Raffaele Saggio,Assistant Professor,PhD,Berkeley,2018,0,2,6,6,2023,,1.2,,,,,
100,100,University of British Columbia,Economics,Reka Juhasz,Assistant Professor,PhD,London School of Economics,2015,0,3,5,5,2024,,0.555555556,4,,,,best paper 2015; published 2018
101,101,University of British Columbia,Economics,Sam Hwang,Assistant Professor,PhD,Chicago,2015,0,4,6,6,2023,,0.75,1,2,,,
102,102,University of British Columbia,Economics,Sam Norris,Assistant Professor,PhD,Northwestern,2018,3,-4,7,6,2024,,1.166666667,6,,,,
103,103,University of British Columbia,Economics,Sergei Severinov,Associate Professor,PhD,Stanford,1998,1,-1,12,5,2013,,0.8,3,6,,,
104,104,University of British Columbia,Economics,Siwan Anderson,Professor,PhD,University of British Columbia,1999,1,-1,21,,2023,,0.875,,,,,
105,105,University of British Columbia,Economics,Terry Moon,Assistant Professor,PhD,Princeton,2019,0,3,2,4,2024,,0.4,5,,,,
106,106,University of British Columbia,Economics,Thomas Lemieux,Professor,PhD,Princeton,1989,0,4,54,4,2023,,1.588235294,3,,6,,
107,107,University of British Columbia,Economics,Torsten Jaccard,Assistant Professor,PhD,Toronto,2022,1,-4,1,5,2024,,0.5,3,,,,
108,108,University of British Columbia,Economics,Vadim Marmer,Professor | Graduate Program Director,PhD,Yale,2005,0,1,18,3,2023,,1,,,4,,
109,109,University of British Columbia,Economics,Victor Couture,Associate Professor,PhD,Toronto,2013,0,2,8,6,2023,,0.8,3,5,,,
110,110,University of British Columbia,Economics,Viktoriya Hnatkovska,Associate Professor,PhD,Georgetown,2006,0,1,15,4,2020,,1.071428571,7,1,,,
111,111,University of British Columbia,Economics,Vitor Farinha Luz,Associate Professor,PhD,Yale,2014,1,-1,7,2,2023,,0.777777778,,5,,,
112,112,University of British Columbia,Economics,Wei Li,Associate Professor,PhD,Massachusetts Institute of Technology,2003,0,4,9,5,2021,,0.5,2,,,,
113,113,University of British Columbia,Economics,Clive Chapple,Associate Professor of Teaching,PhD,University of British Columbia,1998,,,,,,,,,,,,
114,114,University of British Columbia,Economics,Jonathan Graves,Assistant Professor of Teaching | Director of Undergraduate Studies (Curriculum and Students),PhD,University of British Columbia,,,,,,,,,,,,,
115,115,University of British Columbia,Economics,Marina Adshade,Assistant Professor of Teaching,PhD,Queens University,,,,2,,,,,,,,,
116,116,University de Montreal,Economics,Davide ALONZO,Assistant Professor,PhD,University of British Columbia,2021,0,,0,6,2023,0,0,2,2,,,10 presentations for current research
117,117,University de Montreal,Economics,William ARBOUR,Assistant Professor,PhD,Toronto,2023,0,1,1,5,2024,0.166666667,,4,3,,,
118,118,University de Montreal,Economics,Joao Alfredo GALINDO DA FONSECA,Assistant Professor,PhD,University of British Columbia,2018,0,2,4,6,2023,0.363636364,0.8,3,1,,,
119,119,University de Montreal,Economics,Max Antoine LESELLIER,Assistant Professor,PhD,Toulouse,2023,0,,0,5,2024,0,0,4,3,,,
120,120,University de Montreal,Economics,Mathieu MARCOUX,Assistant Professor,PhD,Toronto,2017,0,4,5,6,2024,0.384615385,0.714285714,,2,,,
121,121,University de Montreal,Economics,Hyejin PARK,Assistant Professor,PhD,Chicago,2022,0,,0,4,2024,0,0,3,2,,,start presentation participation in PhD
122,122,University de Montreal,Economics,Laëtitia RENÉE,Assistant Professor,PhD,McGill,2022,1,0,2,8,2024,0.2,1,3,,,,
123,123,University de Montreal,Economics,Guillaume SUBLET,Assistant Professor,PhD,Minnesota,2018,1,0,3,6,2023,0.272727273,0.6,,2,,,
124,124,University de Montreal,Economics,Massimiliano AMARANTE,Associate Professor,PhD,Massachusetts Institute of Technology,1999,0,4,21,6,2020,0.777777778,1,5,4,,,
125,125,University de Montreal,Economics,Andriana BELLOU,Associate Professor,PhD,Rochester,2009,0,3,8,4,2024,0.421052632,0.533333333,3,5,,,
126,126,University de Montreal,Economics,Deniz DIZDAR,Associate Professor,PhD,Bonn,2013,1,-2,6,6,2022,0.4,0.666666667,2,1,,,
127,127,University de Montreal,Economics,Raphaël GODEFROY,Associate Professor,PhD,Stanford,2009,1,-5,10,6,2024,0.476190476,0.666666667,3,,,,
128,128,University de Montreal,Economics,Sean HORAN,Associate Professor,PhD,Boston,2012,0,3,9,8,2024,0.45,0.75,,6,,,
129,129,University de Montreal,Economics,Nicolas KLEIN,Associate Professor,PhD,Munich,2010,0,1,13,3,2024,0.764705882,0.928571429,3,,,,
130,130,University de Montreal,Economics,Joshua LEWIS,Associate Professor,PhD,Toronto,2013,0,5,13,7,2024,0.722222222,1.181818182,3,,,,
131,131,University de Montreal,Economics,William J. McCAUSLAND,Associate Professor,PhD,Minnesota,2002,0,5,12,6,2024,0.428571429,0.545454545,,,,,
132,132,University de Montreal,Economics,Walter BOSSERT,Full Professor,PhD,Karlsruhe,1988,2,-2,163,1,2024,4.405405405,4.527777778,,3,,4,
133,133,University de Montreal,Economics,Emanuela CARDIA,Full Professor,PhD,Berkeley,,,,19,,,,,,,,,
134,134,University de Montreal,Economics,Marine CARRASCO,Full Professor,PhD,Toulouse,1995,0,5,36,3,2024,1.125,1.24137931,2,6,,,
135,135,University de Montreal,Economics,Lars EHLERS,Full Professor,PhD,Maastricht,2001,5,-1,50,4,2024,1.851851852,2.173913043,,,,,
136,136,University de Montreal,Economics,Abraham J. HOLLANDER,Full Professor,,,,,,,,,,,,,,,
137,137,University de Montreal,Economics,Benoit PERRON,Full Professor,PhD,Yale,1998,0,5,22,5,2023,0.733333333,0.88,,2,6,,
138,138,University de Montreal,Economics,Michel POITEVIN,Full Professor,PhD,University of British Columbia,1987,0,2,27,5,2023,0.710526316,0.75,,,,,
139,139,University of Windsor,Economics,Sang-Chul Suh,"Professor, Department Head",,,,,,,,,,,,,,,
140,140,University of Windsor,Economics,Marcelo Aarestrup Arbex,Professor,PhD,Illinois at Urbana-Champaign,2007,0,2,22,10,2024,,,4,2,5,,
141,141,University of Windsor,Economics,Steven Chen,Assistant Professor,PhD,George Washington,2022,0,,0,4,2022,,,1,1,,,
142,142,University of Windsor,Economics,Tarek Jouini,Associate Professor,,,,,,,,,,,,,,,
143,143,University of Windsor,Economics,Dingding Li,"Associate Professor, Director, MA Programs",,,,,,,,,,,,,,,
144,144,University of Windsor,Economics,Jay Rhee,"Professor, Undergraduate Advisor",,,,,,,,,,,,,,,
145,145,University of Windsor,Economics,Nurlan Turdaliev,"Professor, Director, MAEP Program",PhD,Minnesota,2001,0,3,18,6,2020,,,1,3,5,,
146,146,University of Windsor,Economics,Christian Trudeau,Professor,PhD,Universite de Montreal,2009,2,0,25,6,2023,,,2,8,,,
147,147,University of Windsor,Economics,Yuntong Wang,Professor,,,,,,,,,,,,,,,
148,148,University of Windsor,Economics,Yahong Zhang,Assistant Professor,PhD,University of Western Ontario,2007,0,4,11,13,2023,,,2,4,,,
149,149,University of Calgary,Economics,Robert Oxoby,Professor,PhD,University of California at Davis,2000,,,,,,,,,,,,
150,150,University of Calgary,Economics,Eugene Beaulieu,Professor,PhD,,,,,,,,,,,,,,
151,151,University of Calgary,Economics,Jeffrey Robert Church,Professor,PhD,"University of California, Berkeley",1989,0,3,13,3,2023,,,,,,,
152,152,University of Calgary,Economics,Aidan Hollis,Professor,PhD,University of Toronto ,1996,0,2,76,6,,,,,,,,
153,153,University of Calgary,Economics,Ronald D. Kneebone,Professor,PhD,McMaster University,1988,,,,,,,,,,,,
154,154,University of Calgary,Economics,Mingshan Lu,Professor,PhD,Boston University,1997,0,2,49,,2023,,,,,,,
155,155,University of Calgary,Economics,Arvind Magesan,Professor,PhD,University of Toronto ,2011,1,-1,9,,2022,,,,,,,
156,156,University of Calgary,Economics,Kenneth James McKenzie,Professor,PhD,Queen’s University,1990,,,,,2022,,,,,,,
157,157,University of Calgary,Economics,Apostolos Serletis,Professor,PhD,McMaster University,1984,0,18,11,,,,,,,,,
158,158,University of Calgary,Economics,M. Scott Taylor,Professor,PhD,Queen’s University,1991,0,1,33,,,,,,,,,
159,159,University of Calgary,Economics,Trevor Tombe,Professor,PhD,University of Toronto ,2011,1,0,16,5,,,,,,,,
160,160,University of Calgary,Economics,Benjamin Crost,Associate Professor,PhD,University of California,2011,3,-4,17,,2024,,,,,,,
161,161,University of Calgary,Economics,Jean-William Laliberté,Associate Professor,PhD,University of Toronto,2018,1,0,10,6,2024,,,,,,,
162,162,University of Calgary,Economics,Lucija Muehlenbachs,Associate Professor,PhD,University of Maryland,2009,1,-3,16,5,,,,,,,,
163,163,University of Calgary,Economics,Erica Myers,Associate Professor,PhD,University of California,2014,6,-4,15,,,,,,,,,
164,164,University of Calgary,Economics,Blake Shaffer,Associate Professor,PhD,University of Calgary,2018,,,4,4,,,,,,,,
165,165,University of Calgary,Economics,Stefan Staubli,Associate Professor,PhD,University of St. Gallen,2009,0,2,13,4,2023,,,,,,,
166,166,University of Calgary,Economics,Lindsay Tedds,Associate Professor,PhD,McMaster University.,2006,3,-8,19,,2023,,,,,,,
167,167,University of Calgary,Economics,Kunio Tsuyuhara,Associate Professor,PhD,University of Toronto,2011,,,,,,,,,,,,
168,168,University of Calgary,Economics,Alexander Whalley,Associate Professor,PhD,University of Maryland,2006,0,5,9,5,,,,,,,,
169,169,University of Calgary,Economics,Jennifer Winter,Associate Professor,PhD,University of Calgary,2011,0,4,9,,2024,,,,,,,
170,170,University of Calgary,Economics,Yu (Sonja) Chen,Assistant Professor,PhD,University of Waterloo,2017,,,,,,,,,,,,
171,171,University of Calgary,Economics,Kent Fellows,Assistant Professor,,,,,,,,,,,,,,,
172,172,University of Calgary,Economics,Leonard Goff,Assistant Professor,PhD,Columbia University,2021,7,-13,8,,2023,,,,,,,
173,173,University of Calgary,Economics,Terri Kneeland,Assistant Professor,,,,,,,,,,,,,,,
174,174,University of Calgary,Economics,Atsuko Tanaka,Assistant Professor,PhD,University of Wisconsin-Madison,2013,0,7,5,,,,,,,,,
175,175,Concordia University,Economics,Anca Alecsandru,,,,,,,,,,,,,,,,
176,176,Concordia University,Economics,Christian Belzil,,,,,,,,,,,,,,,,
177,177,Concordia University,Economics,Jan Victor Dee,Assistant Professor,PhD,University of Toronto,2020,9,-4,9,,,,,,,,,
178,178,Concordia University,Economics,Effrosyni Diamantoudi,Professor,PhD,McGill University,,,,,,2024,,,,,,,
179,179,Concordia University,Economics,Prosper Dovonon,Associate Professor,PhD,Universit ́e de Montr ́eal,2007,0,5,14,,,,,,,,,
180,180,Concordia University,Economics,Paul Gomme,Professor,PhD,University Of Western Ontario,1991,0,2,35,,2021,,,,,,,
181,181,Concordia University,Economics,Jorgen Hansen,Professor,PhD,University of Gothenburg,1997,0,2,20,,2021,,,,,,,
182,182,Concordia University,Economics,Ian Irvine,Professor,PhD,University of Western Ontario,1978,2,0,36,,2013,,,,,,,
183,183,Concordia University,Economics,Heejeong Kim,Assistant Professor,PhD,The Ohio State University,2017,0,5,2,,2024,,,,,,,
184,184,Concordia University,Economics,Tatyana Koreshkova,Professor,PhD,University of Western Ontario,2002,0,4,6,,,,,,,,,
185,185,Concordia University,Economics,Moshe Lander,Senior Lecturer,PhD,,,,,,,,,,,,,,
186,186,Concordia University,Economics,Carol Chui Ha Lau,Senior Lecturer,PhD,University of Calgary,,,,,,,,,,,,,
187,187,Concordia University,Economics,Greg LeBlanc,Associate Professor,PhD ,Queen's University,,,,,,,,,,,,,
188,188,Concordia University,Economics,Ming Li,Professor,PhD,University of Wisconsin-Madison,2004,0,4,13,,2024,,,,,,,
189,189,Concordia University,Economics,Damba Lkhagvasuren,Associate Professor,PhD,University of Rochester,2007,0,3,11,,2023,,,,,,,
190,190,Concordia University,Economics,Dipjyoti Majumdar,Associate Professor,PhD,Indian Statistical Institute,,,,,,,,,,,,,
191,191,Concordia University,Economics,Panos Margaris,Assistant Professor,PhD,University of Manchester,2018,,,,5,,,,,,,,
192,192,Concordia University,Economics,James McIntosh,Professor,PhD,London School of Economics,1964,0,8,35,,,,,,,,,
193,193,Concordia University,Economics,Anthony Noce,Coordinator,PhD,,,,,16,,,,,,,,,
194,194,Concordia University,Economics,Dan Otchere,Associate Professor,PhD,McGill University,,,,,,,,,,,,,
195,195,Concordia University,Economics,Szilvia Pápai,Associate Professor,PhD,CalTech,1995,0,12,2,4,,,,,,,,
196,196,Concordia University,Economics,Asefeh Salarinezhad,Assistant Professor,,,,,,,,,,,,,,,
197,197,Concordia University,Economics,Christian Sigouin,Associate Professor,PhD,University of British Columbia,,,,,,,,,,,,,
198,198,Concordia University,Economics,Ivan Tchinkov,Senior Lecturer,,Simon Fraser University,2011,,,,,,,,,,,,
199,199,Concordia University,Economics,Gabrielle Vasey,Assistant Professor,PhD,"University of Pennsylvania, Economics",2021,1,-6,1,2,,,,,,,,
200,200,Concordia University,Economics,Axel Watanabe,Assistant Professor,PhD,Washington University in St. Louis,2015,1,0,4,,,,,,,,,
201,201,Concordia University,Economics,Huan Xie,Associate Professor,PhD,University of Pittsburgh,2008,0,4,11,,2024,,,,,,,
202,202,Concordia University,Economics,Jipeng Zhang,,,,,,,,,,,,,,,,
